{"experiments":{"bug-1676316-pref-topsites-launch-phase-3-de-release-83-85":{"slug":"bug-1676316-pref-topsites-launch-phase-3-de-release-83-85","actionName":"PreferenceExperimentAction","branch":"treatment-admarketplace","expired":false,"lastSeen":"2020-12-08T23:10:15.349Z","preferences":{"browser.search.experiment":{"preferenceType":"string","preferenceValue":"amazon-de-adm","preferenceBranchType":"default","previousPreferenceValue":null},"browser.topsites.useRemoteSetting":{"preferenceType":"boolean","preferenceValue":true,"preferenceBranchType":"default","previousPreferenceValue":false},"browser.partnerlink.useAttributionURL":{"preferenceType":"boolean","preferenceValue":true,"preferenceBranchType":"default","previousPreferenceValue":false},"browser.topsites.experiment.ebay-2020-1":{"preferenceType":"boolean","preferenceValue":true,"preferenceBranchType":"default","previousPreferenceValue":null}},"experimentType":"exp","userFacingName":"TopSites Launch Phase 3 - DE","userFacingDescription":"TopSites Redirect Launch","enrollmentId":"3e4386ca-9ee0-4156-be8a-37d677baf228"}}}